Order ID,Amount,Profit,Quantity,Category,Sub-Category,PaymentMode,sales
B-25681,1096,658,7,Electronics,Electronic Games,COD,7672
B-26055,5729,64,14,Furniture,Chairs,EMI,80206
B-25955,2927,146,8,Furniture,Bookcases,EMI,23416
B-26093,2847,712,8,Electronics,Printers,Credit Card,22776
B-25602,2617,1151,4,Electronics,Phones,Credit Card,10468
B-25881,2244,247,4,Clothing,Trousers,Credit Card,8976
B-25696,275,-275,4,Clothing,Saree,COD,1100
B-25687,387,-213,5,Clothing,Saree,UPI,1935
B-25643,50,-44,2,Clothing,Hankerchief,UPI,100
B-25851,135,-54,5,Clothing,Kurti,COD,675
B-25703,231,-190,9,Clothing,Hankerchief,COD,2079
B-25887,2125,-234,6,Electronics,Printers,EMI,12750
B-25923,3873,-891,6,Electronics,Phones,Credit Card,23238
B-25756,729,-492,5,Furniture,Bookcases,UPI,3645
B-25761,2188,1050,5,Furniture,Bookcases,Credit Card,10940
B-25655,6,-3,1,Clothing,Hankerchief,UPI,6
B-25786,1854,433,5,Furniture,Bookcases,Credit Card,9270
B-26095,6,1,1,Clothing,Kurti,UPI,6
B-25853,2093,721,5,Furniture,Chairs,Credit Card,10465
B-25735,7,-1,2,Clothing,Skirt,UPI,14
B-25910,1622,-624,5,Furniture,Tables,Credit Card,8110
B-25950,1622,95,5,Electronics,Printers,Credit Card,8110
B-25744,373,254,6,Electronics,Printers,UPI,2238
B-25845,82,-33,4,Clothing,Kurti,COD,328
B-26001,8,2,2,Clothing,Skirt,UPI,16
B-25830,1954,782,3,Electronics,Phones,Credit Card,5862
B-25842,1543,370,8,Electronics,Printers,Credit Card,12344
B-25778,1506,-266,6,Electronics,Printers,Credit Card,9036
B-25686,1829,-56,6,Furniture,Tables,Credit Card,10974
B-25754,9,-1,3,Clothing,Skirt,UPI,27
B-26048,1461,202,5,Furniture,Tables,EMI,7305
B-25816,391,113,8,Clothing,Stole,COD,3128
B-26022,1824,1303,8,Electronics,Phones,Credit Card,14592
B-25883,16,-15,4,Clothing,Hankerchief,UPI,64
B-26003,1745,122,2,Furniture,Tables,Credit Card,3490
B-26097,663,-212,5,Electronics,Printers,UPI,3315
B-25710,10,-1,1,Clothing,Leggings,UPI,10
B-25797,1630,802,5,Furniture,Tables,EMI,8150
B-25618,12,0,2,Clothing,Hankerchief,UPI,24
B-25723,12,-7,2,Clothing,Leggings,UPI,24
B-25755,1709,564,3,Clothing,Trousers,Credit Card,5127
B-25788,12,3,1,Clothing,Stole,UPI,12
B-25681,1625,-77,3,Electronics,Phones,EMI,4875
B-25991,13,5,2,Clothing,Hankerchief,UPI,26
B-25779,1361,980,3,Furniture,Tables,COD,4083
B-25909,1622,-448,3,Electronics,Phones,EMI,4866
B-25943,1547,340,6,Electronics,Accessories,EMI,9282
B-25935,1657,460,4,Furniture,Chairs,Credit Card,6628
B-25613,1603,0,9,Clothing,Saree,Credit Card,14427
B-25729,1549,-439,4,Electronics,Phones,Credit Card,6196
B-25772,1183,106,4,Electronics,Printers,EMI,4732
B-25655,74,-123,8,Clothing,Skirt,UPI,592
B-25640,1499,239,13,Clothing,Saree,Credit Card,19487
B-25810,1120,199,6,Clothing,Saree,EMI,6720
B-25801,15,-2,1,Clothing,T-shirt,Debit Card,15
B-26085,1487,624,3,Clothing,Trousers,Credit Card,4461
B-25868,1118,206,2,Furniture,Tables,Credit Card,2236
B-25714,11,-5,2,Clothing,Hankerchief,COD,22
B-25784,15,4,1,Clothing,Hankerchief,Debit Card,15
B-25608,1364,1864,5,Furniture,Tables,Credit Card,6820
B-26051,1337,147,7,Electronics,Printers,Credit Card,9359
B-25900,15,2,1,Clothing,Leggings,Debit Card,15
B-25760,322,-193,5,Electronics,Printers,UPI,1610
B-25762,1316,527,7,Electronics,Electronic Games,Credit Card,9212
B-25995,1314,342,3,Furniture,Bookcases,Credit Card,3942
B-25965,17,7,3,Clothing,Hankerchief,Debit Card,51
B-25967,17,2,2,Clothing,Skirt,Debit Card,34
B-25674,17,-12,5,Clothing,Skirt,Debit Card,85
B-25929,1308,536,3,Furniture,Bookcases,Credit Card,3924
B-25777,1076,-38,4,Electronics,Printers,Credit Card,4304
B-26006,1301,573,5,Electronics,Accessories,Credit Card,6505
B-25697,1300,-16,8,Electronics,Printers,Credit Card,10400
B-25667,11,-2,4,Clothing,Hankerchief,COD,44
B-25836,1298,65,9,Electronics,Printers,EMI,11682
B-25984,304,97,6,Clothing,Stole,UPI,1824
B-25728,1055,264,4,Electronics,Printers,EMI,4220
B-25757,17,-13,4,Clothing,Skirt,Debit Card,68
B-25957,147,73,3,Clothing,Stole,COD,441
B-26061,965,-68,3,Electronics,Printers,COD,2895
B-25735,12,-2,3,Clothing,Hankerchief,COD,36
B-25616,14,-2,3,Clothing,Hankerchief,UPI,42
B-25666,934,-916,7,Electronics,Electronic Games,COD,6538
B-25675,929,-93,9,Clothing,Saree,COD,8361
B-26079,18,3,2,Clothing,Hankerchief,Debit Card,36
B-25850,916,192,11,Electronics,Phones,COD,10076
B-25693,76,-72,9,Clothing,Hankerchief,COD,684
B-25852,869,67,4,Furniture,Tables,COD,3476
B-25860,112,24,3,Clothing,Kurti,COD,336
B-25853,39,16,6,Clothing,Skirt,UPI,234
B-25898,857,-274,2,Furniture,Tables,COD,1714
B-26100,828,230,2,Furniture,Chairs,COD,1656
B-25653,1279,-640,8,Electronics,Printers,EMI,10232
B-25839,1250,486,7,Clothing,Saree,EMI,8750
B-25651,823,-18,7,Furniture,Chairs,COD,5761
B-25957,1157,-13,9,Furniture,Bookcases,Credit Card,10413
B-25704,126,-63,3,Electronics,Accessories,UPI,378
B-25730,1145,-706,3,Electronics,Phones,Credit Card,3435
B-26052,774,170,3,Electronics,Accessories,COD,2322
B-25656,24,-1,2,Clothing,Hankerchief,COD,48
B-26033,774,170,3,Electronics,Accessories,COD,2322
B-25850,93,-1,2,Clothing,Hankerchief,COD,186
B-25945,765,-36,3,Electronics,Electronic Games,COD,2295
B-26086,762,101,6,Electronics,Printers,COD,4572
B-25752,761,266,9,Electronics,Electronic Games,COD,6849
B-26098,96,-48,5,Clothing,Leggings,UPI,480
B-26067,1137,-14,7,Electronics,Printers,EMI,7959
B-25730,18,8,2,Clothing,Hankerchief,Debit Card,36
B-25986,749,-307,7,Furniture,Furnishings,COD,5243
B-26067,1120,199,6,Clothing,Saree,EMI,6720
B-25953,744,119,6,Electronics,Printers,COD,4464
B-25952,14,0,4,Clothing,Hankerchief,UPI,56
B-25903,19,8,2,Clothing,Hankerchief,Debit Card,38
B-25650,512,-225,5,Clothing,Saree,COD,2560
B-25970,742,198,2,Furniture,Bookcases,COD,1484
B-26062,44,-40,3,Clothing,Stole,COD,132
B-25643,1061,-36,8,Furniture,Bookcases,EMI,8488
B-25632,19,-2,2,Clothing,Leggings,Debit Card,38
B-25821,17,0,1,Clothing,Hankerchief,COD,17
B-25878,741,267,5,Furniture,Bookcases,COD,3705
B-25752,735,-235,6,Electronics,Printers,COD,4410
B-25750,19,-1,1,Clothing,Shirt,Debit Card,19
B-25657,1021,-48,4,Electronics,Electronic Games,EMI,4084
B-25787,556,-209,7,Clothing,Saree,COD,3892
B-25808,63,-17,6,Clothing,Leggings,COD,378
B-25885,734,248,2,Furniture,Chairs,COD,1468
B-25778,933,166,5,Clothing,Saree,Credit Card,4665
B-25759,20,-9,6,Clothing,Hankerchief,Debit Card,120
B-25747,877,395,2,Furniture,Bookcases,Credit Card,1754
B-25878,719,303,6,Furniture,Chairs,COD,4314
B-25603,12,1,2,Clothing,Hankerchief,COD,24
B-25691,714,56,4,Clothing,Saree,COD,2856
B-25607,50,-15,4,Clothing,Leggings,COD,200
B-25708,709,-100,5,Electronics,Phones,COD,3545
B-26021,21,-12,3,Clothing,Hankerchief,Debit Card,63
B-25831,693,254,6,Clothing,Saree,COD,4158
B-25850,24,1,4,Clothing,Hankerchief,COD,96
B-25670,24,1,2,Clothing,Hankerchief,UPI,48
B-25852,24,1,2,Clothing,Hankerchief,COD,48
B-26029,21,10,1,Clothing,T-shirt,Debit Card,21
B-25959,681,259,4,Furniture,Chairs,COD,2724
B-25676,674,-187,2,Furniture,Tables,COD,1348
B-26097,671,-309,5,Electronics,Electronic Games,COD,3355
B-25888,646,-213,3,Electronics,Electronic Games,COD,1938
B-25911,40,15,1,Clothing,Kurti,COD,40
B-25662,24,-2,2,Clothing,T-shirt,COD,48
B-25950,644,167,2,Electronics,Printers,COD,1288
B-25847,643,225,2,Electronics,Printers,COD,1286
B-25796,632,-316,6,Clothing,Saree,COD,3792
B-25693,632,316,6,Clothing,Saree,COD,3792
B-25993,610,208,3,Electronics,Printers,COD,1830
B-26052,78,-28,6,Clothing,Kurti,UPI,468
B-25930,595,119,4,Furniture,Bookcases,COD,2380
B-25785,595,292,3,Clothing,Saree,COD,1785
B-26093,852,51,5,Furniture,Bookcases,Credit Card,4260
B-26053,594,89,3,Furniture,Bookcases,COD,1782
B-26019,585,175,13,Clothing,T-shirt,COD,7605
B-26070,582,262,5,Furniture,Furnishings,COD,2910
B-25870,845,84,7,Clothing,Saree,Credit Card,5915
B-25855,829,19,4,Electronics,Printers,Credit Card,3316
B-25602,561,212,3,Clothing,Saree,COD,1683
B-25728,771,-424,2,Electronics,Phones,Credit Card,1542
B-25803,765,8,6,Clothing,Saree,EMI,4590
B-25996,31,2,2,Clothing,Hankerchief,COD,62
B-26078,557,-111,2,Electronics,Electronic Games,COD,1114
B-25803,757,371,2,Electronics,Printers,Credit Card,1514
B-25682,545,-73,11,Electronics,Phones,COD,5995
B-25749,1052,-82,3,Furniture,Bookcases,UPI,3156
B-25962,544,-152,3,Furniture,Bookcases,COD,1632
B-25899,22,9,2,Clothing,Leggings,Debit Card,44
B-25845,757,371,2,Electronics,Printers,Credit Card,1514
B-25951,742,198,2,Furniture,Bookcases,Credit Card,1484
B-25828,537,107,3,Clothing,Saree,COD,1611
B-25803,536,91,1,Clothing,Trousers,COD,536
B-25656,6,3,1,Clothing,Hankerchief,COD,6
B-25681,523,204,7,Clothing,Trousers,COD,3661
B-25658,27,9,2,Clothing,T-shirt,UPI,54
B-25698,516,392,8,Furniture,Chairs,COD,4128
B-25832,504,116,3,Furniture,Bookcases,COD,1512
B-25886,502,84,4,Electronics,Phones,COD,2008
B-25897,734,213,6,Electronics,Electronic Games,Credit Card,4404
B-25873,42,12,2,Clothing,Kurti,COD,84
B-25858,29,11,4,Clothing,Skirt,COD,116
B-25867,240,12,6,Clothing,Kurti,UPI,1440
B-25633,496,-79,2,Clothing,Trousers,COD,992
B-25609,485,29,4,Electronics,Electronic Games,COD,1940
B-25896,31,-11,3,Clothing,Skirt,UPI,93
B-26000,676,151,3,Electronics,Printers,Credit Card,2028
B-25959,23,8,2,Clothing,Hankerchief,Debit Card,46
B-25940,13,3,2,Clothing,Hankerchief,COD,26
B-26087,180,0,8,Clothing,Stole,COD,1440
B-26055,671,114,9,Electronics,Phones,Credit Card,6039
B-25980,22,11,3,Clothing,Kurti,COD,66
B-25653,668,-31,3,Electronics,Printers,Credit Card,2004
B-26052,145,0,3,Clothing,Saree,UPI,435
B-25877,24,8,2,Clothing,Skirt,Debit Card,48
B-25608,476,0,3,Furniture,Chairs,COD,1428
B-25897,24,11,5,Clothing,Hankerchief,Debit Card,120
B-25881,37,3,3,Clothing,Hankerchief,COD,111
B-25905,152,50,6,Clothing,Stole,UPI,912
B-25818,32,11,2,Clothing,Leggings,UPI,64
B-25835,52,11,5,Clothing,Leggings,COD,260
B-26081,24,11,3,Clothing,Hankerchief,Debit Card,72
B-25730,473,42,4,Furniture,Chairs,COD,1892
B-25837,263,50,5,Clothing,Stole,COD,1315
B-25893,61,11,3,Clothing,Kurti,COD,183
B-25689,469,-459,3,Electronics,Electronic Games,COD,1407
B-26028,1272,547,2,Electronics,Phones,COD,2544
B-26081,169,0,3,Electronics,Accessories,COD,507
B-25903,25,11,3,Clothing,Leggings,Debit Card,75
B-25651,457,-41,4,Clothing,Saree,COD,1828
B-25903,455,77,8,Electronics,Accessories,COD,3640
B-26086,25,2,2,Clothing,Hankerchief,Debit Card,50
B-25654,450,-90,3,Electronics,Printers,COD,1350
B-25720,30,-35,1,Furniture,Chairs,COD,30
B-26057,659,-37,2,Furniture,Bookcases,Credit Card,1318
B-25798,448,148,2,Electronics,Printers,COD,896
B-25961,446,53,3,Electronics,Printers,COD,1338
B-25701,98,-45,2,Furniture,Chairs,UPI,196
B-26055,443,11,1,Clothing,Saree,COD,443
B-25653,427,-50,7,Electronics,Phones,COD,2989
B-25670,656,-36,2,Furniture,Bookcases,Credit Card,1312
B-26056,424,161,2,Clothing,Saree,COD,848
B-26061,27,8,2,Clothing,T-shirt,Debit Card,54
B-25602,424,-272,5,Electronics,Phones,COD,2120
B-26016,202,4,4,Clothing,Hankerchief,COD,808
B-25873,1275,357,2,Electronics,Phones,UPI,2550
B-25761,418,70,7,Electronics,Phones,COD,2926
B-25819,417,49,3,Electronics,Electronic Games,COD,1251
B-25853,199,48,4,Clothing,Stole,UPI,796
B-25662,385,-77,11,Furniture,Furnishings,UPI,4235
B-25993,414,199,3,Electronics,Phones,COD,1242
B-25703,97,-45,4,Clothing,Saree,COD,388
B-25848,648,50,6,Electronics,Electronic Games,Credit Card,3888
B-25678,27,-25,2,Clothing,Shirt,Debit Card,54
B-25925,27,12,1,Clothing,Stole,Debit Card,27
B-25977,27,1,1,Clothing,Stole,UPI,27
B-25797,413,-314,9,Furniture,Chairs,COD,3717
B-26067,53,2,4,Clothing,Hankerchief,COD,212
B-25810,29,8,5,Clothing,Hankerchief,UPI,145
B-25648,30,13,1,Clothing,T-shirt,UPI,30
B-25933,412,412,6,Clothing,Saree,COD,2472
B-25942,646,-23,2,Electronics,Printers,Credit Card,1292
B-25656,30,-5,5,Clothing,Stole,UPI,150
B-26067,618,27,4,Furniture,Bookcases,Credit Card,2472
B-25673,143,-124,5,Clothing,Saree,UPI,715
B-25797,31,1,2,Clothing,Hankerchief,UPI,62
B-26098,409,86,3,Clothing,Saree,COD,1227
B-25656,406,126,2,Clothing,Saree,COD,812
B-25791,565,66,7,Clothing,Saree,Credit Card,3955
B-26053,85,2,6,Clothing,Stole,COD,510
B-25983,561,118,5,Furniture,Bookcases,Credit Card,2805
B-25743,503,-56,2,Clothing,Trousers,COD,1006
B-25867,31,14,3,Clothing,Stole,UPI,93
B-25973,398,111,8,Clothing,Hankerchief,COD,3184
B-25895,388,93,2,Furniture,Bookcases,COD,776
B-26003,498,-116,4,Clothing,Saree,UPI,1992
B-25717,561,212,3,Clothing,Saree,Credit Card,1683
B-26064,61,3,4,Clothing,Hankerchief,COD,244
B-25630,34,-22,4,Clothing,T-shirt,COD,136
B-26050,32,6,3,Clothing,Shirt,UPI,96
B-25786,623,-192,3,Furniture,Tables,UPI,1869
B-26035,520,151,3,Electronics,Phones,Credit Card,1560
B-25693,32,-16,6,Clothing,Saree,UPI,192
B-25703,32,-5,5,Clothing,Hankerchief,UPI,160
B-25966,510,234,6,Electronics,Electronic Games,EMI,3060
B-26060,382,68,3,Clothing,Saree,COD,1146
B-25898,33,13,3,Clothing,Leggings,UPI,99
B-25686,381,-13,2,Clothing,Saree,COD,762
B-26051,490,88,2,Electronics,Accessories,EMI,980
B-25854,381,144,2,Clothing,Saree,COD,762
B-26050,487,143,4,Electronics,Phones,EMI,1948
B-25961,366,84,3,Furniture,Bookcases,COD,1098
B-25701,33,-29,3,Clothing,Shirt,UPI,99
B-25970,365,107,3,Electronics,Phones,COD,1095
B-25933,207,-100,2,Clothing,Saree,UPI,414
B-26081,359,-338,5,Furniture,Bookcases,COD,1795
B-25650,351,-47,8,Electronics,Phones,COD,2808
B-25850,485,199,4,Clothing,Saree,EMI,1940
B-25643,37,-23,4,Clothing,Shirt,UPI,148
B-26100,34,10,2,Clothing,T-shirt,Debit Card,68
B-25964,346,108,3,Furniture,Chairs,COD,1038
B-25676,342,-103,4,Electronics,Electronic Games,COD,1368
B-25628,35,-8,2,Furniture,Furnishings,Debit Card,70
B-25891,121,41,4,Clothing,Stole,UPI,484
B-25903,336,57,2,Electronics,Phones,COD,672
B-25851,336,71,3,Furniture,Bookcases,COD,1008
B-26089,27,4,1,Clothing,Hankerchief,COD,27
B-25996,333,50,2,Electronics,Phones,COD,666
B-25881,36,7,3,Clothing,Leggings,Debit Card,108
B-25621,333,-15,3,Electronics,Phones,COD,999
B-25727,327,114,4,Clothing,Trousers,COD,1308
B-25843,18,6,3,Clothing,Hankerchief,UPI,54
B-26050,325,32,7,Clothing,T-shirt,COD,2275
B-25741,482,-6,7,Electronics,Electronic Games,EMI,3374
B-25756,465,-33,4,Electronics,Phones,EMI,1860
B-25787,40,-12,3,Clothing,Shirt,COD,120
B-25603,107,36,6,Clothing,Stole,COD,642
B-25655,312,-312,7,Furniture,Chairs,COD,2184
B-26096,451,25,3,Electronics,Phones,EMI,1353
B-25962,312,62,1,Electronics,Electronic Games,COD,312
B-26007,311,72,2,Furniture,Bookcases,COD,622
B-26088,11,5,2,Clothing,Hankerchief,UPI,22
B-25673,37,-5,3,Clothing,T-shirt,Debit Card,111
B-25664,444,-200,4,Electronics,Phones,EMI,1776
B-25642,434,26,11,Clothing,Shirt,Credit Card,4774
B-25987,299,0,6,Clothing,Stole,COD,1794
B-25903,37,17,3,Clothing,Hankerchief,Debit Card,111
B-25770,299,113,2,Furniture,Bookcases,COD,598
B-25840,298,74,2,Furniture,Bookcases,COD,596
B-25846,94,7,7,Clothing,Leggings,UPI,658
B-25745,296,225,11,Clothing,Saree,COD,3256
B-26073,37,17,3,Clothing,Hankerchief,Debit Card,111
B-26030,291,93,2,Electronics,Printers,COD,582
B-25678,327,-39,1,Electronics,Phones,COD,327
B-26035,291,119,11,Clothing,Saree,COD,3201
B-25896,287,-66,6,Clothing,Kurti,COD,1722
B-25989,42,15,1,Electronics,Accessories,UPI,42
B-26016,429,61,3,Electronics,Electronic Games,Credit Card,1287
B-26009,285,128,2,Electronics,Printers,COD,570
B-25915,277,3,1,Electronics,Electronic Games,COD,277
B-25845,274,-7,4,Electronics,Phones,COD,1096
B-25645,273,-87,4,Electronics,Phones,COD,1092
B-25803,269,91,1,Electronics,Electronic Games,COD,269
B-26030,11,5,1,Clothing,Skirt,COD,11
B-25955,39,2,2,Clothing,Saree,Debit Card,78
B-26096,264,-26,3,Clothing,Trousers,COD,792
B-25635,40,16,3,Clothing,Hankerchief,Debit Card,120
B-26038,41,19,2,Clothing,T-shirt,Debit Card,82
B-25791,253,-63,2,Clothing,Saree,UPI,506
B-26014,406,97,7,Furniture,Chairs,Credit Card,2842
B-25751,32,7,3,Clothing,Hankerchief,COD,96
B-25962,260,68,2,Electronics,Printers,COD,520
B-26025,41,19,5,Clothing,Hankerchief,Debit Card,205
B-26048,401,13,6,Furniture,Chairs,Credit Card,2406
B-25635,382,30,3,Clothing,Saree,Credit Card,1146
B-25981,867,251,5,Electronics,Phones,COD,4335
B-25610,43,0,3,Clothing,Saree,Debit Card,129
B-25733,43,-43,7,Clothing,Stole,Debit Card,301
B-25977,74,29,3,Clothing,Stole,COD,222
B-25655,44,-26,3,Clothing,Hankerchief,Debit Card,132
B-25612,259,-55,2,Furniture,Chairs,COD,518
B-25608,257,23,5,Clothing,Hankerchief,COD,1285
B-25752,76,27,5,Clothing,Stole,COD,380
B-25700,44,-32,3,Clothing,Stole,Debit Card,132
B-25856,257,3,2,Clothing,Saree,COD,514
B-26026,255,76,9,Clothing,Hankerchief,COD,2295
B-25861,44,14,3,Clothing,Hankerchief,Debit Card,132
B-25673,45,-2,4,Clothing,Shirt,COD,180
B-25681,44,-3,1,Clothing,Saree,Debit Card,44
B-26051,382,119,2,Clothing,Saree,Credit Card,764
B-25951,250,100,3,Clothing,Trousers,COD,750
B-25799,45,-15,2,Furniture,Chairs,COD,90
B-26053,246,61,2,Furniture,Bookcases,COD,492
B-26030,50,25,5,Clothing,Stole,COD,250
B-26054,246,98,5,Clothing,Hankerchief,COD,1230
B-25696,44,99,3,Clothing,Kurti,Debit Card,132
B-25660,245,-78,3,Clothing,Saree,COD,735
B-25858,245,30,2,Clothing,Saree,COD,490
B-26045,376,0,7,Clothing,Stole,Credit Card,2632
B-25850,45,1,3,Clothing,T-shirt,Debit Card,135
B-25781,45,-28,2,Clothing,Stole,Debit Card,90
B-25918,244,-122,5,Furniture,Furnishings,COD,1220
B-25971,244,83,2,Furniture,Bookcases,COD,488
B-25870,10,4,1,Clothing,Kurti,UPI,10
B-25770,375,180,3,Furniture,Bookcases,Credit Card,1125
B-25757,46,14,5,Clothing,Skirt,Debit Card,230
B-25699,49,-31,2,Clothing,Stole,UPI,98
B-25776,47,-20,2,Clothing,Kurti,Debit Card,94
B-25893,355,-114,7,Clothing,Stole,Credit Card,2485
B-25985,32,8,5,Clothing,Hankerchief,UPI,160
B-25681,243,-14,2,Furniture,Chairs,COD,486
B-26063,241,-77,4,Electronics,Electronic Games,COD,964
B-26032,47,15,5,Clothing,Saree,Debit Card,235
B-26001,50,-10,6,Clothing,Skirt,Debit Card,300
B-26056,15,6,2,Clothing,Hankerchief,COD,30
B-25850,148,24,3,Clothing,Stole,COD,444
B-25767,299,-28,3,Electronics,Electronic Games,UPI,897
B-25693,68,-30,1,Electronics,Phones,UPI,68
B-25850,52,18,5,Clothing,Leggings,Debit Card,260
B-25796,239,-162,5,Furniture,Chairs,COD,1195
B-26053,27,6,3,Clothing,Skirt,COD,81
B-25650,238,20,2,Clothing,Saree,COD,476
B-25961,48,16,3,Clothing,Shirt,COD,144
B-26023,66,22,3,Clothing,Stole,UPI,198
B-25809,53,24,1,Clothing,Hankerchief,Debit Card,53
B-25621,233,-10,5,Electronics,Electronic Games,COD,1165
B-25854,53,-2,3,Clothing,Saree,Debit Card,159
B-26057,54,8,4,Clothing,T-shirt,Debit Card,216
B-25688,352,-345,5,Clothing,Saree,Credit Card,1760
B-25885,349,0,7,Clothing,Stole,Credit Card,2443
B-25753,341,-85,6,Clothing,Trousers,Credit Card,2046
B-25981,54,12,3,Clothing,Saree,Debit Card,162
B-26055,57,7,2,Clothing,Shirt,UPI,114
B-25714,340,20,7,Clothing,Shirt,Credit Card,2380
B-26055,227,48,5,Clothing,Stole,COD,1135
B-25989,330,81,1,Furniture,Bookcases,Credit Card,330
B-25710,216,-38,6,Furniture,Furnishings,UPI,1296
B-25773,224,-143,3,Furniture,Chairs,COD,672
B-25661,55,-33,2,Furniture,Chairs,Debit Card,110
B-26021,49,21,1,Clothing,Stole,UPI,49
B-26057,224,87,3,Clothing,Trousers,COD,672
B-25858,223,27,2,Furniture,Bookcases,COD,446
B-25857,324,39,8,Electronics,Accessories,Credit Card,2592
B-25656,56,18,2,Clothing,Hankerchief,Debit Card,112
B-25999,223,62,7,Clothing,Shirt,COD,1561
B-25856,10,2,2,Clothing,Skirt,COD,20
B-25926,57,6,5,Clothing,Leggings,Debit Card,285
B-25728,322,-113,4,Clothing,Saree,Credit Card,1288
B-26076,219,4,2,Clothing,Saree,COD,438
B-25913,103,21,7,Clothing,Stole,UPI,721
B-25703,47,-27,4,Clothing,Saree,COD,188
B-25858,219,0,1,Clothing,Saree,COD,219
B-25727,57,-48,6,Clothing,Leggings,Debit Card,342
B-26020,319,102,6,Electronics,Accessories,Credit Card,1914
B-26003,315,-8,3,Furniture,Chairs,Credit Card,945
B-25925,314,-41,3,Electronics,Electronic Games,Credit Card,942
B-26087,311,40,1,Electronics,Electronic Games,EMI,311
B-25810,307,74,3,Electronics,Accessories,EMI,921
B-25858,294,109,7,Electronics,Accessories,EMI,2058
B-25861,216,-83,3,Electronics,Electronic Games,COD,648
B-25661,58,-42,2,Furniture,Chairs,Debit Card,116
B-25943,48,20,4,Clothing,Stole,UPI,192
B-25955,54,14,3,Clothing,T-shirt,UPI,162
B-26051,216,50,4,Clothing,Stole,COD,864
B-25999,215,-30,2,Clothing,Saree,COD,430
B-26083,43,8,3,Clothing,Leggings,COD,129
B-25950,136,-33,5,Clothing,Saree,COD,680
B-25625,59,-30,3,Clothing,Leggings,Debit Card,177
B-26055,213,4,14,Clothing,Shirt,COD,2982
B-26023,59,21,2,Clothing,Stole,Debit Card,118
B-26010,55,3,3,Clothing,T-shirt,COD,165
B-25955,294,62,9,Clothing,T-shirt,EMI,2646
B-25900,210,62,2,Electronics,Phones,COD,420
B-26089,59,24,6,Clothing,Kurti,Debit Card,354
B-25655,396,-31,9,Clothing,Saree,COD,3564
B-25979,284,45,2,Furniture,Bookcases,EMI,568
B-26002,276,52,5,Clothing,Saree,EMI,1380
B-25635,23,2,2,Clothing,Skirt,UPI,46
B-26084,209,-63,4,Electronics,Electronic Games,COD,836
B-25998,50,-28,5,Furniture,Furnishings,COD,250
B-25872,57,27,2,Clothing,Shirt,COD,114
B-25795,276,-21,2,Electronics,Phones,EMI,552
B-25902,268,6,2,Furniture,Bookcases,UPI,536
B-25650,269,111,3,Clothing,Trousers,EMI,807
B-25957,209,2,1,Clothing,Saree,COD,209
B-25793,60,-12,4,Clothing,Hankerchief,Debit Card,240
B-25654,269,-86,2,Electronics,Electronic Games,EMI,538
B-25750,208,-25,2,Clothing,Saree,COD,416
B-25835,27,2,2,Clothing,Leggings,UPI,54
B-25652,206,-206,3,Clothing,Saree,COD,618
B-26018,61,8,4,Clothing,Hankerchief,Debit Card,244
B-25750,212,-24,2,Furniture,Chairs,COD,424
B-25840,262,64,6,Clothing,Saree,EMI,1572
B-25756,204,276,3,Furniture,Bookcases,COD,612
B-25777,59,-46,7,Clothing,T-shirt,UPI,413
B-25750,199,-18,2,Clothing,Saree,COD,398
B-25823,59,6,1,Electronics,Accessories,UPI,59
B-26096,45,9,3,Clothing,Leggings,UPI,135
B-25757,211,19,8,Clothing,Stole,COD,1688
B-25698,65,-16,2,Electronics,Phones,Debit Card,130
B-25710,25,0,4,Clothing,Skirt,UPI,100
B-25994,196,-7,5,Electronics,Phones,COD,980
B-25950,261,13,6,Clothing,Shirt,Credit Card,1566
B-25653,195,-117,5,Electronics,Phones,COD,975
B-25785,192,-146,3,Clothing,Saree,COD,576
B-25863,189,87,7,Clothing,Stole,COD,1323
B-25959,32,2,2,Clothing,Kurti,UPI,64
B-25991,188,13,7,Clothing,Shirt,COD,1316
B-25680,73,-25,3,Clothing,Saree,COD,219
B-25910,259,47,5,Clothing,Hankerchief,Credit Card,1295
B-25737,187,-15,3,Clothing,Trousers,COD,561
B-25853,26,11,2,Clothing,Hankerchief,UPI,52
B-26097,185,-26,6,Furniture,Chairs,COD,1110
B-25875,248,8,2,Clothing,Saree,Credit Card,496
B-26031,67,9,4,Clothing,Leggings,Debit Card,268
B-25773,248,-70,3,Furniture,Chairs,Credit Card,744
B-25840,246,61,2,Furniture,Bookcases,Credit Card,492
B-25908,179,-25,5,Clothing,Kurti,COD,895
B-26041,176,-28,5,Furniture,Furnishings,COD,880
B-26010,176,-13,5,Furniture,Furnishings,COD,880
B-25640,68,-62,2,Clothing,Trousers,Debit Card,136
B-25794,176,37,6,Electronics,Accessories,COD,1056
B-25987,88,11,7,Clothing,Hankerchief,UPI,616
B-25615,68,20,5,Clothing,Hankerchief,Debit Card,340
B-25997,231,99,2,Electronics,Electronic Games,Credit Card,462
B-25981,62,8,2,Clothing,T-shirt,UPI,124
B-25791,175,77,3,Clothing,Saree,COD,525
B-25986,71,4,5,Clothing,Leggings,Debit Card,355
B-25652,174,-70,3,Electronics,Accessories,COD,522
B-25952,173,69,3,Furniture,Chairs,COD,519
B-25898,171,2,2,Electronics,Electronic Games,COD,342
B-25785,268,-25,3,Clothing,Saree,COD,804
B-25990,71,32,3,Clothing,Saree,Debit Card,213
B-26091,29,10,4,Clothing,Hankerchief,UPI,116
B-25604,65,17,2,Clothing,T-shirt,UPI,130
B-25754,72,-46,7,Clothing,Kurti,Debit Card,504
B-25724,168,-51,2,Furniture,Bookcases,COD,336
B-25757,165,30,3,Clothing,Stole,COD,495
B-25767,74,-59,2,Electronics,Accessories,Debit Card,148
B-25886,89,17,2,Clothing,Stole,UPI,178
B-25621,228,63,3,Electronics,Electronic Games,Credit Card,684
B-25967,119,-24,4,Furniture,Furnishings,COD,476
B-25691,75,-25,3,Clothing,Stole,UPI,225
B-25953,67,20,4,Clothing,T-shirt,UPI,268
B-25651,7,0,1,Clothing,Leggings,COD,7
B-25828,222,35,5,Clothing,Saree,Credit Card,1110
B-25628,219,-9,4,Clothing,Saree,Credit Card,876
B-25703,42,-23,2,Furniture,Furnishings,UPI,84
B-25929,216,-135,3,Furniture,Chairs,Credit Card,648
B-25748,47,-21,2,Electronics,Electronic Games,COD,94
B-25610,68,-55,5,Electronics,Accessories,UPI,340
B-25903,74,33,2,Clothing,Shirt,Debit Card,148
B-25878,165,46,3,Furniture,Furnishings,COD,495
B-26056,101,11,2,Clothing,Hankerchief,UPI,202
B-26004,162,73,2,Electronics,Electronic Games,COD,324
B-25699,20,-22,1,Furniture,Furnishings,UPI,20
B-26053,162,55,3,Clothing,Stole,COD,486
B-25654,229,-23,2,Clothing,Saree,UPI,458
B-25954,27,0,2,Clothing,Leggings,COD,54
B-25910,685,7,7,Clothing,Trousers,UPI,4795
B-26064,75,2,5,Clothing,Leggings,Debit Card,375
B-25983,161,-229,8,Furniture,Furnishings,COD,1288
B-26002,71,19,3,Clothing,T-shirt,COD,213
B-25650,211,-105,2,Clothing,Saree,Credit Card,422
B-26043,79,5,6,Clothing,Hankerchief,Debit Card,474
B-25657,32,-22,5,Clothing,Saree,UPI,160
B-25838,161,40,3,Clothing,Stole,COD,483
B-25651,159,4,1,Clothing,Saree,COD,159
B-25808,210,-50,4,Clothing,Hankerchief,Credit Card,840
B-25973,79,39,2,Clothing,Shirt,Debit Card,158
B-25698,207,153,3,Clothing,Saree,Credit Card,621
B-25818,36,0,4,Clothing,Kurti,COD,144
B-26061,206,12,1,Electronics,Printers,Credit Card,206
B-25878,46,0,4,Clothing,Leggings,COD,184
B-26054,156,23,3,Clothing,Stole,COD,468
B-25809,154,54,3,Clothing,Hankerchief,COD,462
B-26042,36,15,3,Clothing,Stole,UPI,108
B-26008,206,51,4,Clothing,Hankerchief,Credit Card,824
B-25927,200,7,4,Electronics,Electronic Games,Credit Card,800
B-26008,199,-1,1,Clothing,Saree,Credit Card,199
B-25753,154,22,7,Clothing,T-shirt,COD,1078
B-25948,152,23,3,Furniture,Furnishings,COD,456
B-26094,152,50,6,Clothing,Stole,COD,912
B-25654,122,-21,3,Furniture,Furnishings,UPI,366
B-25854,149,48,6,Clothing,Stole,COD,894
B-25623,149,-87,4,Clothing,Saree,COD,596
B-25985,197,20,4,Clothing,Kurti,Credit Card,788
B-25723,76,-54,3,Electronics,Electronic Games,COD,228
B-25751,221,-15,2,Electronics,Electronic Games,COD,442
B-26050,79,32,3,Clothing,Saree,Debit Card,237
B-25800,45,12,7,Clothing,Hankerchief,UPI,315
B-25673,149,-1,1,Clothing,Saree,COD,149
B-26002,80,22,3,Clothing,Stole,Debit Card,240
B-26009,195,12,9,Clothing,Shirt,Credit Card,1755
B-25754,19,0,3,Clothing,Skirt,UPI,57
B-25953,81,41,3,Clothing,Stole,Debit Card,243
B-26039,83,34,5,Clothing,Shirt,Debit Card,415
B-26001,149,17,4,Furniture,Furnishings,COD,596
B-25620,193,46,1,Electronics,Printers,Credit Card,193
B-26051,85,24,10,Clothing,Hankerchief,Debit Card,850
B-25673,44,-17,5,Clothing,Saree,UPI,220
B-25721,149,-40,2,Electronics,Phones,COD,298
B-25764,26,0,2,Clothing,Kurti,COD,52
B-25645,86,0,4,Clothing,T-shirt,Debit Card,344
B-26066,86,22,2,Clothing,Saree,Debit Card,172
B-26003,79,16,3,Clothing,T-shirt,COD,237
B-25712,193,-275,3,Electronics,Phones,Credit Card,579
B-25796,148,0,3,Clothing,Saree,COD,444
B-25738,70,-14,2,Furniture,Furnishings,UPI,140
B-25771,148,59,3,Clothing,Hankerchief,COD,444
B-25950,190,19,9,Furniture,Furnishings,Credit Card,1710
B-26038,52,14,2,Clothing,Stole,COD,104
B-26004,147,44,3,Clothing,Saree,COD,441
B-25896,190,68,8,Clothing,T-shirt,Credit Card,1520
B-25601,80,-56,4,Electronics,Electronic Games,UPI,320
B-25952,147,48,3,Clothing,Saree,COD,441
B-25873,66,12,3,Clothing,Stole,COD,198
B-25844,86,8,2,Clothing,Saree,Debit Card,172
B-26054,88,19,2,Clothing,Shirt,Debit Card,176
B-25953,188,-193,2,Electronics,Electronic Games,Credit Card,376
B-25951,89,29,2,Clothing,Stole,UPI,178
B-26065,146,19,5,Clothing,Stole,COD,730
B-26033,143,32,1,Furniture,Bookcases,COD,143
B-25781,25,-1,4,Clothing,Kurti,COD,100
B-26043,30,12,3,Clothing,Skirt,UPI,90
B-25787,140,-58,4,Furniture,Furnishings,COD,560
B-25664,83,-48,1,Furniture,Bookcases,UPI,83
B-25825,140,6,5,Clothing,Saree,COD,700
B-25818,28,14,4,Clothing,Hankerchief,COD,112
B-25765,139,14,3,Clothing,Stole,COD,417
B-25853,30,14,3,Clothing,Hankerchief,UPI,90
B-26030,89,36,3,Clothing,Shirt,UPI,267
B-25730,187,30,4,Electronics,Accessories,Credit Card,748
B-26054,139,21,3,Electronics,Accessories,COD,417
B-25773,437,-14,2,Clothing,Saree,UPI,874
B-25717,138,-3,5,Clothing,Saree,COD,690
B-26010,85,13,2,Clothing,Shirt,UPI,170
B-25893,83,12,3,Clothing,Stole,UPI,249
B-26076,91,22,2,Clothing,Stole,UPI,182
B-25803,137,5,5,Clothing,Shirt,COD,685
B-25709,33,-12,7,Clothing,Saree,UPI,231
B-25755,134,-34,2,Furniture,Chairs,COD,268
B-25684,134,42,2,Furniture,Chairs,COD,268
B-25739,133,-56,2,Furniture,Chairs,COD,266
B-26081,93,-84,3,Clothing,Saree,UPI,279
B-25662,86,-21,1,Electronics,Electronic Games,UPI,86
B-25845,132,54,5,Clothing,Stole,COD,660
B-26085,132,-10,3,Clothing,Saree,COD,396
B-25745,132,-79,5,Furniture,Furnishings,COD,660
B-25999,93,-65,4,Clothing,Stole,UPI,372
B-26082,95,5,2,Clothing,Stole,UPI,190
B-26097,97,12,2,Clothing,Hankerchief,UPI,194
B-25731,131,-154,8,Furniture,Furnishings,COD,1048
B-25625,97,29,2,Clothing,Hankerchief,UPI,194
B-25853,128,4,3,Clothing,Saree,COD,384
B-25703,186,241,9,Clothing,Shirt,Credit Card,1674
B-26003,128,47,4,Clothing,Hankerchief,COD,512
B-25803,185,48,4,Clothing,Stole,Credit Card,740
B-25719,29,10,2,Clothing,Stole,COD,58
B-25883,127,29,3,Furniture,Furnishings,COD,381
B-25891,97,36,7,Clothing,Hankerchief,UPI,679
B-25821,125,0,3,Electronics,Accessories,COD,375
B-25646,299,-8,2,Clothing,Saree,COD,598
B-25874,124,54,5,Clothing,T-shirt,COD,620
B-25717,90,17,3,Clothing,Shirt,COD,270
B-26073,122,11,4,Clothing,Hankerchief,COD,488
B-25800,122,-66,9,Electronics,Accessories,COD,1098
B-25991,90,30,2,Furniture,Chairs,UPI,180
B-25638,182,-11,3,Furniture,Bookcases,Credit Card,546
B-26021,122,59,7,Furniture,Furnishings,COD,854
B-25882,121,19,4,Clothing,Stole,COD,484
B-26053,120,1,1,Furniture,Chairs,COD,120
B-25951,120,23,5,Clothing,Stole,COD,600
B-25757,34,-11,5,Clothing,T-shirt,COD,170
B-25777,117,17,6,Clothing,Kurti,COD,702
B-26040,38,9,2,Clothing,Stole,COD,76
B-25696,117,-6,3,Electronics,Phones,COD,351
B-25977,180,54,4,Clothing,T-shirt,Credit Card,720
B-25743,99,-5,1,Clothing,Saree,UPI,99
B-25651,172,-103,3,Furniture,Chairs,EMI,516
B-25603,116,16,4,Clothing,Stole,COD,464
B-25696,116,-4,1,Clothing,Saree,COD,116
B-26037,171,68,7,Clothing,Stole,EMI,1197
B-26098,46,14,5,Clothing,Skirt,COD,230
B-25697,115,-39,3,Clothing,Trousers,COD,345
B-25920,100,7,2,Clothing,T-shirt,UPI,200
B-25993,44,8,2,Clothing,Stole,COD,88
B-26089,139,14,3,Clothing,Kurti,COD,417
B-25960,171,-140,2,Furniture,Bookcases,EMI,342
B-25917,100,12,2,Clothing,T-shirt,UPI,200
B-25825,115,25,6,Clothing,Stole,COD,690
B-25696,168,-9,3,Clothing,Saree,COD,504
B-25972,115,47,2,Electronics,Accessories,COD,230
B-25602,168,-111,2,Electronics,Phones,EMI,336
B-25736,31,-7,5,Clothing,Skirt,UPI,155
B-26003,114,41,6,Furniture,Furnishings,COD,684
B-25970,111,9,4,Clothing,Stole,COD,444
B-25742,11,-8,2,Clothing,Skirt,UPI,22
B-25770,110,35,1,Furniture,Furnishings,COD,110
B-26098,59,15,2,Clothing,T-shirt,UPI,118
B-26050,166,27,2,Electronics,Accessories,EMI,332
B-25778,109,-6,6,Clothing,Saree,COD,654
B-25652,34,-6,4,Clothing,Leggings,COD,136
B-25999,109,40,1,Furniture,Furnishings,COD,109
B-25909,108,22,3,Electronics,Accessories,COD,324
B-25823,103,50,2,Furniture,Furnishings,UPI,206
B-25701,10,-8,2,Clothing,Skirt,COD,20
B-25855,90,17,3,Clothing,Hankerchief,COD,270
B-25654,105,46,2,Clothing,Stole,UPI,210
B-25623,105,20,2,Clothing,Stole,Debit Card,210
B-25641,22,-6,1,Furniture,Furnishings,COD,22
B-25852,105,-33,5,Clothing,Kurti,COD,525
B-25958,105,25,2,Clothing,Hankerchief,EMI,210
B-25802,25,-7,5,Clothing,Saree,UPI,125
B-25823,104,2,2,Furniture,Furnishings,COD,208
B-25834,16,5,1,Clothing,Stole,UPI,16
B-25678,64,-7,3,Clothing,Saree,COD,192
B-25774,38,-6,2,Furniture,Furnishings,UPI,76
B-25904,83,12,2,Furniture,Chairs,COD,166
B-25896,103,36,2,Clothing,Hankerchief,COD,206
B-25796,37,-6,1,Clothing,Saree,UPI,37
B-25934,105,33,6,Clothing,Saree,EMI,630
B-25750,78,-6,2,Furniture,Furnishings,UPI,156
B-25761,102,-90,1,Clothing,Saree,COD,102
B-25912,102,11,6,Clothing,T-shirt,COD,612
B-25751,10,-8,1,Clothing,Kurti,UPI,10
B-25656,101,18,9,Clothing,Skirt,COD,909
B-25647,42,-6,4,Clothing,Saree,UPI,168
B-25861,56,18,2,Clothing,Hankerchief,UPI,112
B-25802,95,5,2,Clothing,Stole,COD,190
B-25901,159,2,3,Furniture,Furnishings,EMI,477
B-25623,158,69,3,Clothing,Stole,EMI,474
B-25751,106,0,2,Electronics,Phones,EMI,212
B-26052,101,16,4,Clothing,T-shirt,COD,404
B-25886,107,37,3,Clothing,Shirt,COD,321
B-25804,156,36,5,Clothing,T-shirt,EMI,780
B-25734,108,-19,3,Electronics,Electronic Games,UPI,324
B-25610,107,-54,4,Clothing,Stole,EMI,428
B-25711,100,-58,4,Clothing,Hankerchief,COD,400
B-25985,108,26,4,Clothing,Shirt,UPI,432
B-25864,100,6,4,Clothing,Stole,COD,400
B-25648,100,-23,1,Electronics,Phones,COD,100
B-26086,43,17,2,Clothing,T-shirt,UPI,86
B-25835,155,26,3,Clothing,Stole,EMI,465
B-25949,151,9,3,Clothing,Hankerchief,EMI,453
B-25930,151,29,5,Clothing,Hankerchief,EMI,755
B-25655,110,-68,4,Clothing,Saree,EMI,440
B-25757,98,9,2,Furniture,Furnishings,COD,196
B-25655,97,-62,2,Clothing,Trousers,COD,194
B-26033,111,35,5,Clothing,Shirt,COD,555
B-26083,45,17,1,Electronics,Accessories,COD,45
B-25805,112,15,2,Furniture,Chairs,COD,224
B-25955,110,20,5,Clothing,Stole,Debit Card,550
B-25762,98,-5,2,Clothing,Saree,UPI,196
B-25919,110,12,7,Clothing,Stole,Debit Card,770
B-25853,95,11,4,Furniture,Furnishings,COD,380
B-25925,1228,14,3,Furniture,Chairs,UPI,3684
B-26023,29,0,3,Furniture,Furnishings,COD,87
B-26055,94,27,2,Clothing,T-shirt,COD,188
B-25653,115,25,1,Electronics,Accessories,COD,115
B-25893,149,15,3,Clothing,Saree,EMI,447
B-26052,148,23,4,Clothing,Kurti,EMI,592
B-25830,93,15,2,Electronics,Accessories,COD,186
B-26040,113,24,4,Clothing,Hankerchief,Debit Card,452
B-25981,48,2,3,Clothing,Stole,COD,144
B-25954,148,9,1,Electronics,Electronic Games,UPI,148
B-25889,114,11,4,Clothing,T-shirt,Debit Card,456
B-25810,92,42,2,Clothing,Stole,COD,184
B-25637,117,14,3,Clothing,Shirt,UPI,351
B-25801,21,-10,4,Clothing,Leggings,COD,84
B-25783,33,-10,6,Clothing,Leggings,UPI,198
B-25697,114,8,3,Electronics,Accessories,Debit Card,342
B-26028,115,0,1,Electronics,Accessories,Debit Card,115
B-25851,90,29,5,Clothing,T-shirt,COD,450
B-25938,61,1,2,Furniture,Furnishings,COD,122
B-25820,119,1,1,Furniture,Chairs,COD,119
B-25850,117,36,2,Clothing,Trousers,Debit Card,234
B-25924,148,54,2,Furniture,Chairs,UPI,296
B-25609,249,-5,4,Clothing,Saree,COD,996
B-25898,147,73,3,Clothing,Stole,UPI,441
B-25814,118,35,7,Clothing,T-shirt,EMI,826
B-26087,119,56,7,Clothing,Saree,EMI,833
B-25901,90,27,2,Clothing,T-shirt,COD,180
B-26025,32,1,2,Clothing,Stole,COD,64
B-25631,89,-89,2,Furniture,Furnishings,COD,178
B-25954,146,66,1,Electronics,Phones,UPI,146
B-25956,89,-37,4,Clothing,Shirt,COD,356
B-26096,88,11,3,Electronics,Accessories,COD,264
B-25862,121,41,4,Clothing,Stole,EMI,484
B-26054,88,20,2,Clothing,Saree,COD,176
B-25698,87,-83,5,Clothing,Kurti,COD,435
B-25606,87,4,2,Clothing,Shirt,COD,174
B-25928,122,15,3,Electronics,Accessories,EMI,366
B-26005,87,10,3,Clothing,Stole,COD,261
B-25963,53,8,3,Furniture,Furnishings,UPI,159
B-25952,87,-32,9,Clothing,Skirt,COD,783
B-25683,86,-55,6,Clothing,Saree,COD,516
B-25914,125,22,3,Clothing,Stole,EMI,375
B-25828,128,-3,3,Clothing,Saree,Debit Card,384
B-25743,143,-124,5,Clothing,Saree,UPI,715
B-26085,86,22,2,Clothing,Saree,COD,172
B-25869,86,9,3,Clothing,Saree,COD,258
B-25773,85,-9,4,Clothing,Saree,COD,340
B-25700,129,-75,5,Clothing,Shirt,Debit Card,645
B-25921,84,-42,2,Electronics,Accessories,COD,168
B-25730,83,-81,3,Furniture,Chairs,COD,249
B-26083,143,6,2,Electronics,Accessories,UPI,286
B-25849,336,123,3,Electronics,Phones,UPI,1008
B-25909,323,122,5,Electronics,Phones,UPI,1615
B-26038,130,61,3,Clothing,Shirt,Debit Card,390
B-25999,152,-3,5,Clothing,Saree,COD,760
B-25928,25,10,1,Furniture,Furnishings,UPI,25
B-25878,140,15,5,Clothing,Stole,UPI,700
B-25843,45,0,2,Clothing,Stole,UPI,90
B-25959,132,49,3,Clothing,Shirt,COD,396
B-25630,133,12,5,Clothing,Stole,Debit Card,665
B-25858,82,13,2,Clothing,Shirt,COD,164
B-26096,140,56,4,Clothing,Shirt,UPI,560
B-25838,81,19,7,Clothing,Hankerchief,COD,567
B-25943,137,38,5,Clothing,Hankerchief,Debit Card,685
B-25780,137,-41,3,Electronics,Phones,Debit Card,411
B-25949,140,57,2,Clothing,Trousers,Debit Card,280
B-25892,139,30,3,Clothing,Shirt,UPI,417
B-26054,138,11,5,Clothing,Stole,UPI,690
B-25988,79,-124,9,Clothing,Skirt,COD,711
B-25939,136,41,3,Electronics,Accessories,UPI,408
B-26083,145,16,3,Clothing,T-shirt,Debit Card,435
B-26078,44,20,2,Clothing,T-shirt,UPI,88
B-25902,79,6,7,Clothing,Saree,COD,553
B-25676,79,36,4,Clothing,Shirt,COD,316
B-26016,134,-13,3,Electronics,Electronic Games,UPI,402
B-25950,133,5,5,Clothing,Stole,UPI,665
B-26056,47,20,7,Clothing,Hankerchief,UPI,329
B-25645,133,-42,1,Electronics,Printers,UPI,133
B-25906,78,27,3,Clothing,Stole,COD,234
B-26017,78,7,1,Furniture,Chairs,COD,78
B-25644,76,-92,8,Furniture,Furnishings,COD,608
B-25679,76,-50,1,Clothing,Saree,COD,76
B-25854,76,19,3,Clothing,Hankerchief,COD,228
B-25670,74,29,3,Clothing,Stole,COD,222
B-25792,74,-25,3,Clothing,Stole,COD,222
B-25808,146,-63,3,Electronics,Electronic Games,Debit Card,438
B-25750,73,-31,1,Furniture,Bookcases,COD,73
B-26051,80,22,3,Clothing,Stole,UPI,240
B-26076,133,46,5,Clothing,Shirt,EMI,665
B-25946,146,7,2,Electronics,Phones,Debit Card,292
B-25648,130,-41,4,Clothing,Saree,EMI,520
B-25992,141,41,3,Clothing,Shirt,UPI,423
B-25848,147,21,3,Furniture,Furnishings,Debit Card,441
B-25697,73,-7,1,Electronics,Phones,COD,73
B-25659,148,72,7,Clothing,T-shirt,Debit Card,1036
B-25716,58,0,4,Clothing,Saree,UPI,232
B-25652,21,-13,3,Clothing,Leggings,UPI,63
B-26093,148,25,3,Clothing,Saree,Debit Card,444
B-25725,144,-7,4,Electronics,Electronic Games,COD,576
B-25661,145,-104,5,Furniture,Chairs,UPI,725
B-25693,72,-49,1,Electronics,Phones,COD,72
B-25910,125,15,5,Clothing,Shirt,EMI,625
B-25943,149,15,3,Clothing,Saree,Debit Card,447
B-26100,72,16,2,Clothing,Shirt,COD,144
B-25830,71,0,8,Clothing,Skirt,COD,568
B-25932,71,-14,4,Furniture,Furnishings,COD,284
B-25929,154,-85,3,Furniture,Chairs,EMI,462
B-25708,191,13,8,Furniture,Furnishings,COD,1528
B-25921,170,19,5,Clothing,T-shirt,UPI,850
B-25755,47,-3,2,Clothing,Stole,UPI,94
B-25640,122,-47,4,Clothing,Saree,EMI,488
B-25838,70,26,5,Clothing,Hankerchief,COD,350
B-26025,155,5,3,Clothing,Stole,EMI,465
B-25789,67,-86,9,Furniture,Furnishings,COD,603
B-25697,67,-42,3,Clothing,Stole,COD,201
B-25797,148,-101,2,Furniture,Bookcases,UPI,296
B-26064,122,38,6,Clothing,T-shirt,Credit Card,732
B-25732,16,-5,2,Clothing,Stole,UPI,32
B-25654,121,-17,3,Furniture,Furnishings,Credit Card,363
B-25750,42,-15,12,Clothing,Skirt,UPI,504
B-25751,65,-4,6,Clothing,Hankerchief,COD,390
B-25889,119,-43,7,Clothing,Kurti,Credit Card,833
B-25683,155,56,3,Furniture,Furnishings,EMI,465
B-25602,119,-5,8,Clothing,Saree,Credit Card,952
B-25871,118,25,4,Clothing,Hankerchief,Credit Card,472
B-25953,116,22,1,Electronics,Accessories,Credit Card,116
B-25950,158,-29,10,Clothing,Hankerchief,EMI,1580
B-26091,158,69,3,Clothing,Stole,EMI,474
B-25753,65,-52,3,Electronics,Accessories,COD,195
B-25611,160,-59,2,Clothing,Saree,EMI,320
B-25935,162,20,3,Furniture,Chairs,EMI,486
B-25886,63,1,4,Clothing,T-shirt,COD,252
B-25833,64,27,5,Clothing,Hankerchief,UPI,320
B-25665,166,-113,4,Electronics,Accessories,EMI,664
B-25694,167,43,7,Clothing,T-shirt,EMI,1169
B-25668,123,17,3,Furniture,Furnishings,COD,369
B-25945,63,14,2,Clothing,Shirt,COD,126
B-25954,891,0,5,Clothing,Saree,COD,4455
B-25818,75,28,9,Clothing,Hankerchief,UPI,675
B-25861,62,6,5,Clothing,Hankerchief,COD,310
B-25721,29,-18,7,Clothing,Skirt,UPI,203
B-26024,168,18,6,Clothing,Stole,Debit Card,1008
B-26056,70,24,3,Clothing,Stole,UPI,210
B-26050,169,55,4,Clothing,Saree,Debit Card,676
B-25708,32,-8,2,Clothing,Stole,COD,64
B-25651,44,-8,3,Clothing,Stole,UPI,132
B-25616,116,-56,5,Clothing,Stole,Credit Card,580
B-25827,156,21,3,Furniture,Chairs,COD,468
B-25996,62,6,6,Clothing,Skirt,COD,372
B-25830,54,1,2,Clothing,Saree,UPI,108
B-25951,111,11,9,Clothing,Hankerchief,Credit Card,999
B-25713,158,-63,4,Furniture,Chairs,UPI,632
B-25678,7,-3,2,Clothing,Skirt,UPI,14
B-25901,61,28,2,Clothing,Hankerchief,UPI,122
B-25798,61,-50,4,Clothing,Hankerchief,COD,244
B-25902,154,26,4,Electronics,Accessories,COD,616
B-25851,62,1,3,Clothing,Saree,COD,186
B-25944,169,38,3,Clothing,Saree,Debit Card,507
B-25939,61,18,2,Electronics,Accessories,COD,122
B-25656,61,-23,2,Clothing,Saree,COD,122
B-25695,171,14,9,Clothing,Shirt,Debit Card,1539
B-25781,60,-49,8,Clothing,Hankerchief,COD,480
B-25783,25,-11,1,Clothing,Stole,UPI,25
B-25867,163,26,4,Clothing,Shirt,COD,652
B-25993,173,86,1,Electronics,Printers,Debit Card,173
B-25755,257,-3,2,Furniture,Bookcases,UPI,514
B-25880,108,37,2,Clothing,Stole,Credit Card,216
B-25941,177,41,4,Clothing,Shirt,Debit Card,708
B-25757,106,15,7,Clothing,Hankerchief,Credit Card,742
B-25754,41,-14,5,Clothing,Leggings,UPI,205
B-25653,168,-10,3,Electronics,Accessories,UPI,504
B-25821,60,21,4,Clothing,Stole,COD,240
B-25706,31,-11,4,Clothing,Stole,COD,124
B-26064,179,0,2,Clothing,Saree,Debit Card,358
B-25803,106,12,3,Clothing,Trousers,Credit Card,318
B-26076,60,13,2,Clothing,T-shirt,COD,120
B-25603,180,5,3,Clothing,Trousers,Debit Card,540
B-25903,60,-10,2,Furniture,Furnishings,COD,120
B-25938,59,25,3,Clothing,Stole,COD,177
B-25868,170,73,2,Electronics,Accessories,UPI,340
B-25956,59,10,2,Clothing,Hankerchief,COD,118
B-25652,24,-21,7,Clothing,Skirt,COD,168
B-25883,105,-26,8,Clothing,Leggings,Credit Card,840
B-26096,103,46,2,Clothing,Saree,Credit Card,206
B-25969,171,17,6,Clothing,T-shirt,UPI,1026
B-25951,102,13,2,Clothing,Stole,Credit Card,204
B-25855,98,12,2,Clothing,Hankerchief,Credit Card,196
B-26091,59,10,4,Clothing,Leggings,COD,236
B-25954,189,60,4,Furniture,Furnishings,Debit Card,756
B-25763,58,-52,3,Furniture,Chairs,COD,174
B-25945,60,3,3,Clothing,Saree,UPI,180
B-25740,58,-8,2,Clothing,Saree,COD,116
B-25818,94,20,2,Furniture,Furnishings,UPI,188
B-25603,193,-166,3,Clothing,Saree,EMI,579
B-25964,199,0,4,Clothing,Stole,EMI,796
B-25930,202,89,9,Clothing,T-shirt,EMI,1818
B-25930,58,17,2,Clothing,Hankerchief,COD,116
B-25879,57,-28,2,Clothing,Kurti,COD,114
B-25903,204,-94,4,Clothing,Hankerchief,EMI,816
B-25614,98,-12,2,Electronics,Electronic Games,Credit Card,196
B-25750,22,-12,3,Clothing,Stole,COD,66
B-25852,97,17,2,Clothing,Stole,Credit Card,194
B-26008,57,24,5,Clothing,Leggings,COD,285
B-26092,97,14,2,Clothing,T-shirt,Credit Card,194
B-25689,97,17,2,Clothing,Stole,Credit Card,194
B-25730,96,22,5,Clothing,Stole,Credit Card,480
B-25885,94,27,2,Clothing,Shirt,Credit Card,188
B-25999,26,-17,1,Clothing,Stole,COD,26
B-26011,93,44,2,Clothing,Stole,Credit Card,186
B-25754,93,-65,4,Clothing,Stole,Credit Card,372
B-26030,92,5,6,Clothing,Hankerchief,Credit Card,552
B-25851,57,27,2,Clothing,T-shirt,COD,114
B-25870,57,7,3,Furniture,Furnishings,COD,171
B-26074,57,21,4,Clothing,Leggings,COD,228
B-25861,128,4,3,Clothing,Saree,COD,384
B-25797,89,-4,5,Clothing,Saree,Credit Card,445
B-25993,221,26,7,Furniture,Furnishings,COD,1547
B-25799,205,-119,3,Clothing,Saree,Debit Card,615
B-25721,191,51,5,Clothing,Shirt,UPI,955
B-26056,206,18,4,Clothing,Hankerchief,Debit Card,824
B-25743,56,0,4,Clothing,Hankerchief,COD,224
B-25854,88,16,4,Clothing,Stole,Credit Card,352
B-25748,224,58,3,Electronics,Phones,UPI,672
B-25976,193,8,4,Clothing,T-shirt,UPI,772
B-25953,87,36,5,Clothing,Stole,Credit Card,435
B-25996,189,4,1,Clothing,Saree,UPI,189
B-25717,55,-33,2,Furniture,Chairs,COD,110
B-25865,85,-1,3,Clothing,Saree,Credit Card,255
B-25959,252,56,2,Electronics,Phones,UPI,504
B-25855,197,73,1,Furniture,Bookcases,COD,197
B-25703,17,-3,2,Clothing,Stole,UPI,34
B-26049,100,28,2,Clothing,Hankerchief,UPI,200
B-25755,80,-19,5,Clothing,Stole,UPI,400
B-26070,75,29,1,Clothing,Trousers,UPI,75
B-25755,26,4,2,Clothing,Saree,UPI,52
B-26047,55,12,5,Clothing,Skirt,COD,275
B-25604,157,5,9,Clothing,Saree,UPI,1413
B-25651,200,-60,4,Furniture,Bookcases,UPI,800
B-25983,230,5,2,Clothing,Saree,UPI,460
B-26056,213,-145,3,Furniture,Bookcases,Debit Card,639
B-25940,55,4,2,Clothing,Stole,COD,110
B-25766,220,-19,2,Clothing,Saree,Debit Card,440
B-25935,150,32,3,Clothing,Hankerchief,COD,450
B-25970,203,84,2,Electronics,Printers,UPI,406
B-26053,93,31,3,Electronics,Accessories,UPI,279
B-25947,290,35,6,Clothing,Hankerchief,COD,1740
B-25856,48,6,1,Clothing,Saree,COD,48
B-26030,221,35,4,Electronics,Accessories,Debit Card,884
B-26069,55,18,2,Clothing,Kurti,COD,110
B-25653,227,102,8,Electronics,Accessories,Debit Card,1816
B-25627,55,-39,4,Clothing,Stole,COD,220
B-25947,207,33,2,Electronics,Accessories,UPI,414
B-25801,64,6,4,Clothing,Saree,COD,256
B-25964,89,6,5,Clothing,Saree,COD,445
B-25950,54,27,2,Clothing,Stole,COD,108
B-25878,84,41,3,Clothing,T-shirt,Credit Card,252
B-25773,209,-21,2,Electronics,Electronic Games,UPI,418
B-26081,79,33,4,Clothing,Stole,UPI,316
B-26027,54,8,4,Clothing,T-shirt,COD,216
B-25967,229,59,9,Clothing,Saree,Debit Card,2061
B-25901,158,38,3,Clothing,Hankerchief,UPI,474
B-25951,248,105,2,Electronics,Phones,Debit Card,496
B-25853,199,6,2,Clothing,Saree,UPI,398
B-25923,253,-11,1,Clothing,Trousers,Debit Card,253
B-25793,257,-252,4,Clothing,Saree,Debit Card,1028
B-26068,193,33,5,Electronics,Accessories,COD,965
B-26080,109,35,6,Clothing,T-shirt,COD,654
B-25843,214,30,3,Electronics,Accessories,COD,642
B-26002,141,7,7,Clothing,Saree,COD,987
B-25993,201,32,4,Furniture,Furnishings,UPI,804
B-26070,54,12,4,Clothing,Shirt,COD,216
B-25887,83,6,6,Clothing,Shirt,EMI,498
B-25654,54,-3,3,Clothing,Saree,COD,162
B-25898,53,5,3,Clothing,T-shirt,COD,159
B-25664,258,-27,2,Electronics,Phones,Debit Card,516
B-26012,199,8,2,Clothing,Saree,COD,398
B-25979,82,-27,3,Clothing,Kurti,EMI,246
B-26054,139,36,3,Clothing,Stole,COD,417
B-25757,53,15,2,Clothing,Stole,COD,106
B-25623,53,1,4,Clothing,Stole,COD,212
B-25824,101,38,2,Furniture,Furnishings,COD,202
B-25754,262,215,2,Electronics,Printers,Debit Card,524
B-25693,82,-39,5,Clothing,T-shirt,EMI,410
B-25638,154,39,3,Clothing,Hankerchief,COD,462
B-25922,52,18,2,Clothing,Stole,COD,104
B-25919,1599,37,6,Electronics,Electronic Games,UPI,9594
B-25989,338,41,7,Clothing,Hankerchief,UPI,2366
B-25999,51,-49,2,Electronics,Electronic Games,COD,102
B-25661,224,-81,3,Furniture,Chairs,COD,672
B-26099,207,37,4,Clothing,Hankerchief,COD,828
B-25866,51,14,2,Clothing,Stole,COD,102
B-26098,82,8,3,Electronics,Accessories,EMI,246
B-26062,50,-17,2,Clothing,Stole,COD,100
B-25761,263,-31,9,Electronics,Electronic Games,Debit Card,2367
B-25843,50,7,6,Clothing,Skirt,COD,300
B-25683,245,-3,4,Electronics,Phones,UPI,980
B-25959,82,24,6,Clothing,Hankerchief,EMI,492
B-25787,229,-41,8,Electronics,Accessories,COD,1832
B-25951,50,14,1,Electronics,Electronic Games,COD,50
B-26056,220,40,2,Electronics,Accessories,COD,440
B-25643,263,-63,2,Electronics,Electronic Games,Debit Card,526
B-26093,81,-41,5,Clothing,Leggings,EMI,405
B-25775,50,-17,2,Clothing,Stole,COD,100
B-26093,49,5,4,Clothing,Hankerchief,COD,196
B-25851,237,47,9,Clothing,T-shirt,UPI,2133
B-25685,264,-30,3,Furniture,Furnishings,Debit Card,792
B-25651,49,3,1,Clothing,Shirt,COD,49
B-25793,63,-24,6,Clothing,Kurti,COD,378
B-25708,81,-51,7,Clothing,Stole,EMI,567
B-25847,264,71,10,Furniture,Furnishings,Debit Card,2640
B-25954,48,11,2,Clothing,Shirt,COD,96
B-25997,48,15,1,Clothing,Hankerchief,COD,48
B-25650,245,-78,2,Electronics,Printers,UPI,490
B-25883,146,42,5,Clothing,Hankerchief,UPI,730
B-25945,245,10,2,Furniture,Bookcases,COD,490
B-25981,245,91,2,Furniture,Bookcases,UPI,490
B-25862,80,3,3,Clothing,Stole,EMI,240
B-25877,269,33,5,Furniture,Chairs,Debit Card,1345
B-26090,80,22,3,Clothing,Stole,EMI,240
B-26050,284,44,6,Clothing,Hankerchief,COD,1704
B-26072,313,44,3,Electronics,Electronic Games,COD,939
B-25916,80,-26,9,Clothing,Skirt,EMI,720
B-25722,48,-8,8,Clothing,Stole,COD,384
B-25746,87,16,2,Clothing,Saree,UPI,174
B-25753,47,-114,5,Furniture,Furnishings,COD,235
B-25956,140,28,2,Electronics,Phones,COD,280
B-25996,47,1,2,Clothing,Stole,COD,94
B-25896,79,-2,2,Furniture,Furnishings,EMI,158
B-25796,78,-64,7,Clothing,Stole,EMI,546
B-25798,47,-3,2,Clothing,Stole,COD,94
B-26043,185,48,4,Clothing,Stole,UPI,740
B-26028,77,36,2,Clothing,Shirt,EMI,154
B-25812,259,47,5,Clothing,Hankerchief,UPI,1295
B-25605,75,0,7,Clothing,Saree,EMI,525
B-25702,75,0,3,Clothing,Shirt,EMI,225
B-25940,46,0,4,Clothing,Leggings,COD,184
B-26087,46,13,3,Clothing,Hankerchief,COD,138
B-25955,200,13,5,Electronics,Phones,COD,1000
B-25626,46,-14,1,Electronics,Phones,COD,46
B-25811,126,52,4,Clothing,Hankerchief,UPI,504
B-25856,74,29,3,Clothing,Stole,EMI,222
B-25628,45,13,4,Clothing,Skirt,COD,180
B-26016,74,9,3,Clothing,Shirt,UPI,222
B-25999,129,11,2,Electronics,Phones,UPI,258
B-26043,122,50,7,Clothing,Stole,UPI,854
B-25743,74,-51,3,Clothing,Stole,UPI,222
B-26014,278,39,5,Furniture,Chairs,Debit Card,1390
B-25876,282,14,4,Clothing,Trousers,Debit Card,1128
B-25785,45,0,2,Clothing,T-shirt,COD,90
B-25810,45,6,3,Clothing,Shirt,COD,135
B-25833,45,16,3,Clothing,Stole,COD,135
B-25931,73,-36,3,Furniture,Chairs,UPI,219
B-25852,45,12,4,Clothing,Hankerchief,COD,180
B-25738,72,-6,3,Clothing,Saree,UPI,216
B-25921,71,-44,5,Electronics,Accessories,UPI,355
B-25685,45,-2,4,Clothing,Shirt,COD,180
B-25996,286,140,6,Clothing,Shirt,Debit Card,1716
B-25663,294,138,2,Electronics,Printers,Debit Card,588
B-25888,223,4,3,Electronics,Phones,COD,669
B-25677,20,-2,1,Electronics,Accessories,UPI,20
B-26045,302,75,6,Furniture,Furnishings,Debit Card,1812
B-26002,113,28,2,Clothing,Saree,UPI,226
B-25953,44,2,3,Clothing,Hankerchief,COD,132
B-25617,305,-270,5,Electronics,Electronic Games,Debit Card,1525
B-25702,306,-147,3,Clothing,Saree,Debit Card,918
B-25799,70,-64,5,Clothing,Stole,UPI,350
B-25985,44,11,4,Clothing,Stole,COD,176
B-25952,44,14,3,Clothing,Hankerchief,COD,132
B-25754,319,312,5,Clothing,Saree,Debit Card,1595
B-25770,287,-280,12,Furniture,Chairs,UPI,3444
B-25954,44,10,3,Clothing,Stole,COD,132
B-25657,288,-180,4,Furniture,Chairs,COD,1152
B-25801,49,-31,2,Clothing,Stole,COD,98
B-26000,43,-10,4,Clothing,Skirt,COD,172
B-25897,43,5,3,Clothing,Stole,COD,129
B-25681,68,-27,3,Electronics,Accessories,UPI,204
B-25852,320,144,1,Electronics,Printers,Debit Card,320
B-26067,67,2,4,Clothing,T-shirt,UPI,268
B-25601,66,-12,5,Clothing,Stole,UPI,330
B-25804,321,26,3,Electronics,Printers,Debit Card,963
B-25751,43,-5,2,Clothing,Saree,COD,86
B-25630,114,-39,5,Clothing,Kurti,COD,570
B-25899,43,17,1,Clothing,Saree,COD,43
B-25751,43,21,3,Clothing,Shirt,COD,129
B-26081,637,50,5,Clothing,Saree,COD,3185
B-25851,300,42,2,Electronics,Printers,COD,600
B-26036,341,44,7,Furniture,Furnishings,UPI,2387
B-25704,102,0,3,Electronics,Phones,COD,306
B-25761,328,-15,3,Electronics,Electronic Games,Debit Card,984
B-25978,341,160,7,Clothing,Stole,Debit Card,2387
B-26077,62,11,7,Clothing,Hankerchief,UPI,434
B-25981,42,13,3,Clothing,Leggings,COD,126
B-26043,62,28,5,Clothing,Hankerchief,UPI,310
B-25896,42,7,2,Clothing,Kurti,COD,84
B-25790,42,-3,1,Electronics,Electronic Games,COD,42
B-25789,313,-13,5,Furniture,Bookcases,UPI,1565
B-26061,109,52,2,Clothing,Stole,UPI,218
B-25923,226,58,3,Electronics,Accessories,COD,678
B-25868,62,-1,1,Electronics,Phones,UPI,62
B-25777,61,-25,4,Electronics,Accessories,UPI,244
B-25999,222,74,5,Clothing,Hankerchief,COD,1110
B-25854,342,-154,7,Furniture,Furnishings,Debit Card,2394
B-25667,344,-34,3,Clothing,Saree,Debit Card,1032
B-25829,345,38,7,Clothing,Hankerchief,Debit Card,2415
B-25705,46,0,2,Electronics,Electronic Games,COD,92
B-25843,255,74,5,Clothing,Hankerchief,COD,1275
B-25958,360,32,3,Clothing,Saree,UPI,1080
B-25893,372,59,3,Electronics,Printers,UPI,1116
B-25855,61,30,2,Clothing,Hankerchief,UPI,122
B-25616,42,12,5,Clothing,Hankerchief,COD,210
B-25630,42,-26,2,Clothing,Kurti,COD,84
B-25936,61,25,4,Clothing,Saree,UPI,244
B-25830,41,11,6,Clothing,Hankerchief,COD,246
B-25930,40,13,3,Clothing,T-shirt,COD,120
B-25808,59,21,2,Clothing,Stole,UPI,118
B-25979,57,27,2,Clothing,Shirt,UPI,114
B-25687,17,6,1,Clothing,Stole,UPI,17
B-26087,40,10,2,Clothing,Stole,COD,80
B-25764,349,-24,2,Clothing,Saree,Debit Card,698
B-25782,335,-22,7,Furniture,Chairs,UPI,2345
B-25854,40,16,3,Clothing,Hankerchief,COD,120
B-26085,40,17,2,Clothing,Stole,COD,80
B-25630,40,-7,3,Clothing,Stole,COD,120
B-25999,352,74,8,Clothing,Stole,Debit Card,2816
B-25648,55,-26,4,Clothing,Saree,UPI,220
B-25952,352,18,5,Clothing,Trousers,Debit Card,1760
B-25710,53,-18,4,Clothing,T-shirt,UPI,212
B-25685,51,7,2,Furniture,Furnishings,UPI,102
B-25740,40,-37,3,Clothing,Stole,COD,120
B-25973,39,14,5,Clothing,Leggings,COD,195
B-25769,355,-4,2,Clothing,Saree,Debit Card,710
B-25687,357,139,2,Clothing,Saree,Debit Card,714
B-25603,38,18,1,Clothing,Kurti,COD,38
B-26050,38,9,2,Clothing,Stole,COD,76
B-25748,141,10,4,Clothing,Shirt,UPI,564
B-25833,36,4,9,Clothing,Hankerchief,COD,324
B-25930,351,-94,5,Electronics,Electronic Games,COD,1755
B-26035,369,15,3,Electronics,Electronic Games,Debit Card,1107
B-25851,53,24,6,Clothing,Hankerchief,EMI,318
B-25718,371,115,1,Furniture,Bookcases,Debit Card,371
B-25898,499,33,4,Clothing,Saree,COD,1996
B-25893,223,62,7,Clothing,Shirt,COD,1561
B-25983,50,-4,6,Clothing,T-shirt,EMI,300
B-26056,391,90,6,Electronics,Phones,Debit Card,2346
B-25715,416,137,3,Electronics,Phones,Debit Card,1248
B-25702,424,-17,9,Furniture,Chairs,Debit Card,3816
B-25618,362,127,1,Furniture,Bookcases,COD,362
B-25643,36,-7,1,Electronics,Electronic Games,COD,36
B-25961,34,-10,3,Clothing,Skirt,COD,102
B-25873,367,73,3,Electronics,Electronic Games,UPI,1101
B-26053,425,208,7,Clothing,Saree,Debit Card,2975
B-25683,433,26,3,Electronics,Printers,Debit Card,1299
B-25718,460,31,3,Furniture,Bookcases,Debit Card,1380
B-25753,62,-56,5,Clothing,Kurti,COD,310
B-25852,50,16,1,Clothing,Stole,EMI,50
B-25914,460,-143,3,Furniture,Chairs,Debit Card,1380
B-26083,34,3,3,Clothing,Saree,COD,102
B-25857,227,59,2,Furniture,Furnishings,UPI,454
B-25939,469,33,4,Electronics,Electronic Games,Debit Card,1876
B-25851,103,46,2,Clothing,Saree,UPI,206
B-25699,34,-13,5,Clothing,Leggings,COD,170
B-26078,137,63,3,Clothing,Stole,COD,411
B-26075,34,12,2,Clothing,Stole,COD,68
B-25956,474,56,4,Electronics,Phones,Debit Card,1896
B-25861,50,3,2,Clothing,Stole,EMI,100
B-25777,69,-67,4,Clothing,Kurti,UPI,276
B-25634,389,-83,3,Furniture,Chairs,UPI,1167
B-25753,77,-43,8,Clothing,Stole,COD,616
B-25687,51,21,3,Clothing,T-shirt,COD,153
B-25885,394,146,2,Furniture,Bookcases,UPI,788
B-25767,48,-22,2,Clothing,Saree,EMI,96
B-25961,34,-12,5,Clothing,Leggings,COD,170
B-25923,484,28,3,Electronics,Printers,Debit Card,1452
B-25799,47,-27,4,Clothing,Saree,EMI,188
B-25955,45,8,4,Clothing,Skirt,EMI,180
B-26015,128,55,1,Clothing,Saree,COD,128
B-26051,669,74,5,Furniture,Bookcases,COD,3345
B-25822,34,13,2,Clothing,Saree,COD,68
B-25989,44,14,3,Clothing,Hankerchief,Credit Card,132
B-25910,33,1,2,Clothing,Shirt,COD,66
B-25956,33,10,3,Clothing,Hankerchief,COD,99
B-25986,487,-23,3,Electronics,Printers,Debit Card,1461
B-26098,497,179,3,Furniture,Chairs,Debit Card,1491
B-26061,508,203,2,Electronics,Accessories,Debit Card,1016
B-25954,524,-25,2,Electronics,Electronic Games,Debit Card,1048
B-26034,425,183,5,Electronics,Accessories,UPI,2125
B-25909,168,56,3,Clothing,Saree,COD,504
B-25692,141,28,7,Furniture,Furnishings,UPI,987
B-25959,429,17,3,Furniture,Chairs,UPI,1287
B-25745,44,-8,3,Clothing,Stole,Credit Card,132
B-25689,149,136,3,Clothing,Stole,UPI,447
B-25786,44,-34,3,Clothing,Stole,Credit Card,132
B-25897,33,10,3,Clothing,Hankerchief,COD,99
B-26056,33,9,2,Clothing,Hankerchief,COD,66
B-25855,442,31,2,Electronics,Electronic Games,UPI,884
B-25667,41,6,5,Clothing,Skirt,Credit Card,205
B-25701,33,-12,5,Clothing,Hankerchief,COD,165
B-26046,32,3,8,Clothing,Hankerchief,COD,256
B-25676,32,6,3,Clothing,Shirt,COD,96
B-26045,179,77,1,Clothing,Saree,UPI,179
B-25889,31,10,1,Clothing,Kurti,COD,31
B-25900,140,68,5,Clothing,T-shirt,COD,700
B-25685,529,137,3,Electronics,Phones,Debit Card,1587
B-25622,534,0,3,Clothing,Saree,Debit Card,1602
B-25709,41,-6,1,Furniture,Chairs,Credit Card,41
B-25798,379,63,2,Clothing,Saree,COD,758
B-25933,81,-44,3,Clothing,Stole,COD,243
B-25793,40,-33,5,Clothing,Hankerchief,Credit Card,200
B-25951,40,18,1,Electronics,Accessories,Credit Card,40
B-25656,534,0,3,Clothing,Saree,Debit Card,1602
B-26056,31,9,2,Clothing,Hankerchief,COD,62
B-25870,473,-113,9,Clothing,Hankerchief,UPI,4257
B-25690,31,-10,3,Clothing,Skirt,COD,93
B-25702,31,-3,4,Clothing,Saree,COD,124
B-25752,91,15,6,Clothing,T-shirt,UPI,546
B-25781,30,-25,2,Clothing,T-shirt,COD,60
B-26038,30,6,1,Clothing,T-shirt,COD,30
B-25761,40,0,3,Clothing,Saree,Credit Card,120
B-25751,534,5,2,Electronics,Electronic Games,Debit Card,1068
B-25750,539,-146,7,Furniture,Furnishings,Debit Card,3773
B-25726,490,-128,8,Furniture,Bookcases,UPI,3920
B-26048,163,81,2,Electronics,Accessories,COD,326
B-26051,184,85,6,Clothing,T-shirt,UPI,1104
B-25614,494,54,4,Furniture,Bookcases,COD,1976
B-25907,30,11,5,Clothing,Hankerchief,COD,150
B-25789,30,0,1,Clothing,Kurti,COD,30
B-26097,39,-18,2,Clothing,Leggings,Credit Card,78
B-25902,1700,85,3,Clothing,Trousers,COD,5100
B-25657,332,-43,6,Electronics,Phones,UPI,1992
B-25854,436,131,9,Clothing,Hankerchief,UPI,3924
B-25610,30,-5,2,Furniture,Furnishings,COD,60
B-25733,30,-10,2,Clothing,Stole,COD,60
B-25798,38,-13,3,Clothing,Stole,Credit Card,114
B-25803,511,194,3,Furniture,Chairs,UPI,1533
B-25755,37,-53,3,Clothing,Saree,Credit Card,111
B-25850,513,215,2,Electronics,Accessories,COD,1026
B-25667,516,69,4,Furniture,Bookcases,UPI,2064
B-25796,559,-19,2,Clothing,Trousers,Debit Card,1118
B-26013,29,-10,3,Clothing,Skirt,COD,87
B-25683,148,52,5,Clothing,Stole,UPI,740
B-26054,559,-174,2,Electronics,Electronic Games,Debit Card,1118
B-26010,527,26,3,Electronics,Electronic Games,COD,1581
B-25979,560,44,3,Clothing,Saree,Debit Card,1680
B-25973,571,108,12,Clothing,Stole,Debit Card,6852
B-25975,29,2,3,Clothing,Skirt,COD,87
B-26010,29,3,2,Clothing,Stole,COD,58
B-25767,29,-3,3,Clothing,Saree,COD,87
B-25815,35,14,2,Clothing,Stole,Credit Card,70
B-25853,579,139,3,Electronics,Printers,Debit Card,1737
B-25756,29,-24,4,Clothing,Leggings,COD,116
B-25755,593,213,4,Furniture,Bookcases,Debit Card,2372
B-25996,217,72,2,Furniture,Furnishings,COD,434
B-25619,353,90,8,Clothing,Saree,COD,2824
B-26050,382,92,2,Electronics,Printers,COD,764
B-26000,597,93,4,Furniture,Chairs,Debit Card,2388
B-26058,212,97,7,Clothing,Hankerchief,COD,1484
B-25856,689,90,5,Clothing,Saree,COD,3445
B-26044,28,-10,3,Clothing,Skirt,COD,84
B-25654,34,12,3,Clothing,Hankerchief,Credit Card,102
B-26051,600,-102,5,Electronics,Electronic Games,Debit Card,3000
B-25636,637,113,5,Clothing,Saree,UPI,3185
B-25710,616,-69,7,Furniture,Furnishings,Debit Card,4312
B-25656,624,37,2,Electronics,Electronic Games,Debit Card,1248
B-25919,28,4,1,Clothing,T-shirt,COD,28
B-25781,584,-444,7,Electronics,Printers,UPI,4088
B-25899,28,6,4,Clothing,Skirt,COD,112
B-26093,33,-1,1,Clothing,Saree,Credit Card,33
B-25753,27,-20,2,Clothing,Hankerchief,COD,54
B-25858,27,5,2,Clothing,Skirt,COD,54
B-25762,27,4,3,Clothing,Skirt,COD,81
B-25625,635,-349,5,Clothing,Saree,Debit Card,3175
B-25857,598,166,4,Furniture,Bookcases,UPI,2392
B-25919,636,-204,2,Electronics,Printers,Debit Card,1272
B-25864,27,9,2,Clothing,Hankerchief,COD,54
B-25698,27,-6,4,Clothing,Hankerchief,COD,108
B-25959,637,212,8,Electronics,Phones,Debit Card,5096
B-26073,290,110,9,Clothing,Stole,UPI,2610
B-25649,27,-25,2,Clothing,Stole,COD,54
B-25806,632,-114,4,Furniture,Tables,UPI,2528
B-25756,643,-45,2,Electronics,Printers,Debit Card,1286
B-26003,652,13,6,Furniture,Furnishings,Debit Card,3912
B-25752,33,-27,1,Furniture,Chairs,Credit Card,33
B-25783,26,2,2,Clothing,Hankerchief,COD,52
B-25802,633,-633,11,Electronics,Accessories,UPI,6963
B-25881,26,9,2,Clothing,Leggings,COD,52
B-25898,191,93,4,Clothing,Shirt,UPI,764
B-25696,887,80,3,Electronics,Printers,UPI,2661
B-25826,637,261,2,Electronics,Printers,COD,1274
B-25745,670,15,5,Furniture,Bookcases,Debit Card,3350
B-25943,26,7,4,Clothing,Hankerchief,COD,104
B-26051,676,195,5,Furniture,Bookcases,Debit Card,3380
B-25624,26,12,3,Clothing,Hankerchief,COD,78
B-25723,26,-24,1,Clothing,Stole,COD,26
B-26052,25,7,2,Clothing,Stole,COD,50
B-25603,24,-30,1,Furniture,Chairs,COD,24
B-25983,32,-12,1,Furniture,Chairs,Credit Card,32
B-25650,31,-2,2,Clothing,Saree,Credit Card,62
B-25656,651,169,5,Electronics,Printers,COD,3255
B-26018,326,107,3,Furniture,Furnishings,UPI,978
B-25783,30,-6,2,Clothing,Hankerchief,UPI,60
B-25951,30,5,2,Clothing,Kurti,UPI,60
B-25974,662,240,2,Furniture,Bookcases,COD,1324
B-25754,30,-23,2,Clothing,Saree,UPI,60
B-26073,29,9,3,Clothing,Saree,UPI,87
B-25796,28,1,1,Electronics,Accessories,UPI,28
B-25653,28,-3,2,Clothing,Saree,UPI,56
B-25884,24,2,4,Clothing,Hankerchief,COD,96
B-25650,28,-26,2,Clothing,Stole,UPI,56
B-26045,27,5,1,Clothing,Stole,UPI,27
B-25672,27,-15,1,Clothing,Stole,UPI,27
B-25949,24,11,3,Clothing,Hankerchief,COD,72
B-25733,23,-6,4,Clothing,Hankerchief,COD,92
B-25697,322,193,5,Electronics,Printers,COD,1610
B-25893,688,-103,6,Electronics,Accessories,Debit Card,4128
B-25802,23,-3,1,Clothing,Shirt,COD,23
B-25961,26,3,3,Clothing,Skirt,UPI,78
B-25751,68,-56,2,Electronics,Phones,COD,136
B-25814,462,169,4,Clothing,Saree,COD,1848
B-25702,941,203,3,Furniture,Tables,UPI,2823
B-25896,23,4,2,Clothing,Skirt,COD,46
B-25969,720,43,2,Electronics,Printers,UPI,1440
B-25778,724,-447,4,Electronics,Electronic Games,UPI,2896
B-25859,724,253,2,Furniture,Bookcases,UPI,1448
B-25810,26,10,4,Clothing,Hankerchief,UPI,104
B-25616,22,-2,3,Clothing,Hankerchief,COD,66
B-25633,711,-8,4,Clothing,Saree,Debit Card,2844
B-25753,107,31,5,Clothing,T-shirt,COD,535
B-25764,765,-153,2,Electronics,Phones,Debit Card,1530
B-25864,22,8,2,Clothing,Leggings,COD,44
B-25725,26,-5,2,Clothing,Stole,UPI,52
B-25858,22,8,3,Clothing,Hankerchief,COD,66
B-25817,743,89,5,Electronics,Printers,UPI,3715
B-25703,22,-15,4,Clothing,Kurti,COD,88
B-25610,781,594,6,Electronics,Printers,Debit Card,4686
B-25652,25,-2,5,Clothing,Hankerchief,UPI,125
B-25891,25,2,2,Clothing,Hankerchief,UPI,50
B-25764,119,43,5,Clothing,T-shirt,COD,595
B-25664,785,52,2,Electronics,Phones,Debit Card,1570
B-25645,183,-66,5,Electronics,Phones,UPI,915
B-26008,22,4,1,Clothing,Stole,COD,22
B-26061,642,180,5,Clothing,Saree,COD,3210
B-25781,767,-353,5,Clothing,Trousers,COD,3835
B-25999,770,323,3,Electronics,Accessories,COD,2310
B-25783,21,-17,3,Clothing,Shirt,COD,63
B-25800,21,-6,3,Clothing,Leggings,COD,63
B-26093,492,187,2,Electronics,Accessories,UPI,984
B-25638,816,-96,3,Electronics,Printers,Debit Card,2448
B-26026,25,2,3,Clothing,Kurti,Credit Card,75
B-25902,802,120,7,Electronics,Accessories,COD,5614
B-25968,811,154,7,Electronics,Accessories,UPI,5677
B-26099,835,267,5,Electronics,Phones,Debit Card,4175
B-25699,21,-5,1,Electronics,Accessories,COD,21
B-26076,450,-190,4,Furniture,Bookcases,COD,1800
B-25793,24,-1,4,Clothing,Skirt,Credit Card,96
B-25671,832,0,3,Clothing,Trousers,UPI,2496
B-26040,833,93,3,Clothing,Trousers,UPI,2499
B-26059,20,6,1,Clothing,T-shirt,COD,20
B-25725,23,-5,7,Clothing,Hankerchief,Credit Card,161
B-25855,550,-242,5,Furniture,Furnishings,UPI,2750
B-25738,148,-91,2,Electronics,Phones,COD,296
B-25899,846,9,2,Furniture,Chairs,Debit Card,1692
B-25608,856,385,6,Electronics,Printers,COD,5136
B-25904,871,131,2,Furniture,Bookcases,UPI,1742
B-26056,19,-18,4,Clothing,Kurti,COD,76
B-25669,610,-66,2,Furniture,Tables,COD,1220
B-25638,880,97,8,Furniture,Furnishings,Debit Card,7040
B-25953,22,-8,4,Clothing,Hankerchief,Credit Card,88
B-25841,22,11,2,Clothing,Skirt,Credit Card,44
B-26071,21,4,3,Clothing,Hankerchief,Credit Card,63
B-25793,18,1,3,Clothing,Hankerchief,COD,54
B-25813,911,202,7,Furniture,Chairs,COD,6377
B-26010,18,2,3,Clothing,Hankerchief,COD,54
B-25825,911,355,5,Electronics,Phones,Debit Card,4555
B-25630,143,-129,2,Electronics,Phones,COD,286
B-25986,918,22,9,Electronics,Electronic Games,COD,8262
B-25650,925,-447,5,Electronics,Electronic Games,COD,4625
B-26078,17,8,2,Clothing,Skirt,COD,34
B-25890,465,207,9,Clothing,Saree,COD,4185
B-25691,17,-9,3,Clothing,Stole,COD,51
B-25952,935,114,4,Electronics,Electronic Games,UPI,3740
B-25651,16,-10,2,Clothing,T-shirt,COD,32
B-25955,954,95,3,Electronics,Printers,UPI,2862
B-25898,915,-99,3,Furniture,Tables,Debit Card,2745
B-25838,955,305,3,Electronics,Printers,Debit Card,2865
B-25797,976,293,4,Electronics,Accessories,COD,3904
B-25738,1069,0,6,Clothing,Saree,EMI,6414
B-25661,19,-15,3,Clothing,Hankerchief,Credit Card,57
B-25997,16,6,3,Clothing,Hankerchief,COD,48
B-25667,1030,206,8,Electronics,Printers,UPI,8240
B-25753,620,82,6,Electronics,Accessories,COD,3720
B-25848,16,8,2,Clothing,Hankerchief,COD,32
B-26097,19,8,2,Clothing,Hankerchief,Credit Card,38
B-25633,249,-130,4,Electronics,Phones,UPI,996
B-25807,16,6,1,Clothing,Stole,COD,16
B-25752,1361,197,9,Furniture,Bookcases,COD,12249
B-26052,15,1,1,Clothing,Shirt,COD,15
B-25610,1076,-38,4,Electronics,Printers,COD,4304
B-25888,18,2,3,Clothing,Hankerchief,Credit Card,54
B-25937,1101,352,3,Furniture,Bookcases,UPI,3303
B-25828,15,2,1,Clothing,Leggings,COD,15
B-26048,1104,209,4,Clothing,Trousers,UPI,4416
B-25670,14,2,1,Clothing,Hankerchief,COD,14
B-25757,14,5,1,Clothing,Hankerchief,COD,14
B-25751,14,-3,2,Clothing,Leggings,COD,28
B-25687,14,-1,4,Clothing,Kurti,COD,56
B-25710,13,-8,1,Clothing,T-shirt,COD,13
B-25656,13,-1,3,Clothing,Hankerchief,COD,39
B-25601,1275,1148,7,Furniture,Bookcases,EMI,8925
B-26053,17,1,2,Clothing,Skirt,Credit Card,34
B-26001,13,0,2,Clothing,Hankerchief,COD,26
B-25964,1270,546,11,Electronics,Electronic Games,EMI,13970
B-26062,13,-2,1,Clothing,Stole,COD,13
B-25982,13,3,1,Clothing,Leggings,COD,13
B-25864,17,5,1,Clothing,Hankerchief,UPI,17
B-25693,13,-13,2,Clothing,Skirt,COD,26
B-25802,13,-9,2,Clothing,Skirt,COD,26
B-25676,1263,-56,5,Clothing,Trousers,EMI,6315
B-25639,1629,-153,3,Electronics,Phones,COD,4887
B-25757,17,7,3,Clothing,Hankerchief,UPI,51
B-26003,17,2,2,Clothing,Skirt,UPI,34
B-26055,1250,-12,2,Electronics,Printers,EMI,2500
B-25786,17,-11,3,Clothing,Skirt,UPI,51
B-25919,977,-244,7,Electronics,Phones,COD,6839
B-25894,1246,62,3,Furniture,Bookcases,EMI,3738
B-25979,12,1,2,Clothing,Hankerchief,COD,24
B-25651,11,-4,2,Clothing,Skirt,COD,22
B-25653,1327,318,8,Furniture,Chairs,EMI,10616
B-25855,1319,567,5,Electronics,Printers,COD,6595
B-25793,1402,109,11,Clothing,Saree,EMI,15422
B-26073,1514,742,4,Electronics,Printers,EMI,6056
B-25881,1351,111,6,Electronics,Electronic Games,COD,8106
B-25603,1355,-60,5,Clothing,Trousers,COD,6775
B-25851,10,2,2,Clothing,Hankerchief,COD,20
B-25883,10,-2,2,Clothing,Leggings,COD,20
B-25768,1582,-443,6,Clothing,Trousers,EMI,9492
B-25953,1218,352,9,Furniture,Bookcases,EMI,10962
B-25755,321,315,5,Clothing,Saree,UPI,1605
B-26057,736,346,5,Electronics,Printers,COD,3680
B-26055,1218,-420,8,Furniture,Bookcases,COD,9744
B-25855,1027,441,8,Clothing,Saree,COD,8216
B-25989,10,5,1,Clothing,Stole,COD,10
B-26099,2366,552,5,Clothing,Trousers,UPI,11830
B-25652,9,-6,2,Clothing,Hankerchief,COD,18
B-25723,16,-12,2,Clothing,Stole,UPI,32
B-26099,9,3,1,Clothing,Skirt,COD,9
B-25629,1560,421,3,Clothing,Trousers,COD,4680
B-25877,1137,568,2,Clothing,Trousers,EMI,2274
B-25767,9,-9,2,Clothing,Kurti,COD,18
B-25735,15,-7,1,Clothing,Hankerchief,UPI,15
B-26097,14,5,1,Clothing,Hankerchief,UPI,14
B-26070,14,7,2,Clothing,Hankerchief,UPI,28
B-25752,8,-2,2,Clothing,Hankerchief,COD,16
B-25656,1389,680,7,Clothing,Saree,COD,9723
B-25748,8,-1,2,Clothing,Leggings,COD,16
B-25758,8,-2,1,Clothing,Stole,COD,8
B-25950,13,4,1,Clothing,Leggings,UPI,13
B-25707,8,-6,1,Clothing,Stole,COD,8
B-25909,12,2,2,Clothing,Skirt,Credit Card,24
B-25955,1716,309,7,Electronics,Accessories,COD,12012
B-26023,1117,447,10,Furniture,Bookcases,EMI,11170
B-25655,9,-6,2,Clothing,Skirt,Credit Card,18
B-25686,332,503,3,Electronics,Printers,COD,996
B-25655,7,-4,3,Clothing,Hankerchief,COD,21
B-25601,8,-2,3,Clothing,Hankerchief,Credit Card,24
B-25862,2061,701,5,Furniture,Bookcases,UPI,10305
B-25626,1103,276,3,Furniture,Chairs,EMI,3309
B-25823,2103,322,8,Electronics,Electronic Games,UPI,16824
B-25881,2115,23,5,Furniture,Chairs,COD,10575
B-25910,850,-289,5,Electronics,Electronic Games,COD,4250
B-25830,1063,64,7,Electronics,Phones,EMI,7441
B-25978,1063,-175,4,Electronics,Electronic Games,EMI,4252
B-25997,2292,127,7,Furniture,Bookcases,COD,16044
B-25661,7,-1,2,Clothing,Hankerchief,Credit Card,14
B-25969,2452,191,7,Furniture,Bookcases,UPI,17164
B-25858,2457,665,11,Electronics,Electronic Games,EMI,27027
B-25697,4,-3,1,Clothing,Skirt,Credit Card,4
B-25798,2830,-1981,13,Furniture,Bookcases,EMI,36790
B-25873,7,1,1,Clothing,Hankerchief,COD,7
B-25740,7,0,2,Clothing,Skirt,COD,14
B-25700,7,-3,2,Clothing,Hankerchief,COD,14
B-25757,3151,-35,7,Clothing,Trousers,EMI,22057
B-25973,4141,1698,13,Electronics,Printers,COD,53833
B-25698,7,-2,1,Clothing,Hankerchief,COD,7
B-25993,4363,305,5,Furniture,Tables,EMI,21815
